{
  "formatVersion": 1,
  "database": {
    "version": 1,
    "identityHash": "3d5ed3202b8288e5de849c07d5ce72e1",
    "entities": [
      {
        "tableName": "habits",
        "createSql": "CREATE TABLE IF NOT EXISTS `${TABLE_NAME}` (`id` INTEGER PRIMARY KEY AUTOINCREMENT NOT NULL, `title` TEXT NOT NULL, `minutesFocus` INTEGER NOT NULL, `startTime` TEXT NOT NULL, `priorityLevel` TEXT NOT NULL)",
        "fields": [
          {
            "fieldPath": "id",
            "columnName": "id",
            "affinity": "INTEGER",
            "notNull": true
          },
          {
            "fieldPath": "title",
            "columnName": "title",
            "affinity": "TEXT",
            "notNull": true
          },
          {
            "fieldPath": "minutesFocus",
            "columnName": "minutesFocus",
            "affinity": "INTEGER",
            "notNull": true
          },
          {
            "fieldPath": "startTime",
            "columnName": "startTime",
            "affinity": "TEXT",
            "notNull": true
          },
          {
            "fieldPath": "priorityLevel",
            "columnName": "priorityLevel",
            "affinity": "TEXT",
            "notNull": true
          }
        ],
        "primaryKey": {
          "columnNames": [
            "id"
          ],
          "autoGenerate": true
        },
        "indices": [],
        "foreignKeys": []
      }
    ],
    "views": [],
    "setupQueries": [
      "CREATE TABLE IF NOT EXISTS room_master_table (id INTEGER PRIMARY KEY,identity_hash TEXT)",
      "INSERT OR REPLACE INTO room_master_table (id,identity_hash) VALUES(42, '3d5ed3202b8288e5de849c07d5ce72e1')"
    ]
  }
}