{
  "formatVersion": 1,
  "database": {
    "version": 1,
    "identityHash": "52cdbde248a5477ce3ee779f9209a7df",
    "entities": [
      {
        "tableName": "movie",
        "createSql": "CREATE TABLE IF NOT EXISTS `${TABLE_NAME}` (`id` TEXT NOT NULL, `name` TEXT NOT NULL, `poster` TEXT NOT NULL, `voteAverage` REAL NOT NULL, `isFavorite` INTEGER NOT NULL, PRIMARY KEY(`id`))",
        "fields": [
          {
            "fieldPath": "id",
            "columnName": "id",
            "affinity": "TEXT",
            "notNull": true
          },
          {
            "fieldPath": "name",
            "columnName": "name",
            "affinity": "TEXT",
            "notNull": true
          },
          {
            "fieldPath": "poster",
            "columnName": "poster",
            "affinity": "TEXT",
            "notNull": true
          },
          {
            "fieldPath": "voteAverage",
            "columnName": "voteAverage",
            "affinity": "REAL",
            "notNull": true
          },
          {
            "fieldPath": "isFavorite",
            "columnName": "isFavorite",
            "affinity": "INTEGER",
            "notNull": true
          }
        ],
        "primaryKey": {
          "autoGenerate": false,
          "columnNames": [
            "id"
          ]
        },
        "indices": [],
        "foreignKeys": []
      },
      {
        "tableName": "remote_key",
        "createSql": "CREATE TABLE IF NOT EXISTS `${TABLE_NAME}` (`id` TEXT NOT NULL, `prevKey` INTEGER, `nextKey` INTEGER, PRIMARY KEY(`id`))",
        "fields": [
          {
            "fieldPath": "id",
            "columnName": "id",
            "affinity": "TEXT",
            "notNull": true
          },
          {
            "fieldPath": "prevKey",
            "columnName": "prevKey",
            "affinity": "INTEGER",
            "notNull": false
          },
          {
            "fieldPath": "nextKey",
            "columnName": "nextKey",
            "affinity": "INTEGER",
            "notNull": false
          }
        ],
        "primaryKey": {
          "autoGenerate": false,
          "columnNames": [
            "id"
          ]
        },
        "indices": [],
        "foreignKeys": []
      }
    ],
    "views": [],
    "setupQueries": [
      "CREATE TABLE IF NOT EXISTS room_master_table (id INTEGER PRIMARY KEY,identity_hash TEXT)",
      "INSERT OR REPLACE INTO room_master_table (id,identity_hash) VALUES(42, '52cdbde248a5477ce3ee779f9209a7df')"
    ]
  }
}